tipoDeCurso,plan,nombre,nombrePublico,nivelEducativo,tipo,credEd,hsSem,hsTot,cert
HORAS EXTRACURRICULARES            ,2001,ACTIVIDADES MUSICALES              ,,DOC. DIR. EXTRACURRICULAR,Anual,0,0,0,
HORAS EXTRACURRICULARES            ,2001,DES. INTEGRAL DEL ALUMNO           ,,DOC. DIR. EXTRACURRICULAR,Anual,0,0,0,
HORAS EXTRACURRICULARES            ,2001,EDUCACION FISICA                   ,,DOC. DIR. EXTRACURRICULAR,Indefinido,0,0,0,
HORAS EXTRACURRICULARES            ,2005,IDIOMAS                            ,,DOC. DIR. EXTRACURRICULAR,Anual,0,0,0,
HORAS EXTRACURRICULARES            ,2021,EXTENSION CENTRO MARIA ESPINOLA    ,,DOC. DIR. EXTRACURRICULAR,Indefinido,0,0,0,
CICLO BÁSICO TECNOLÓGICO           ,2001,CBT INIC. A LA TECNOLOGIA RURAL    ,,EDUCACION MEDIA BASICA   ,Anual,0,0,0,
FORMACIÓN PROFESIONAL BÁSICA       ,2021,TECNICAS CREATIVAS                 ,,EDUCACION MEDIA BASICA   ,Anual,0,0,0,
FORMACIÓN PROFESIONAL BÁSICA       ,2021,ARTES GRAFICAS                     ,,EDUCACION MEDIA BASICA   ,Anual,0,0,0,
FORMACIÓN PROFESIONAL BÁSICA       ,2021,ARTES Y ARTESANIAS                 ,,EDUCACION MEDIA BASICA   ,Anual,0,0,0,
FORMACIÓN PROFESIONAL BÁSICA       ,2021,AUDIOVISUAL                        ,,EDUCACION MEDIA BASICA   ,Anual,0,0,0,
FORMACIÓN PROFESIONAL BÁSICA       ,2021,ALIMENTACION                       ,,EDUCACION MEDIA BASICA   ,Anual,0,0,0,
FORMACIÓN PROFESIONAL BÁSICA       ,2021,ESTETICA CAPILAR                   ,,EDUCACION MEDIA BASICA   ,Anual,0,0,0,
FORMACIÓN PROFESIONAL BÁSICA       ,2021,MUEBLES POR DISEÑO                 ,,EDUCACION MEDIA BASICA   ,Anual,0,0,0,
FORMACIÓN PROFESIONAL BÁSICA       ,2021,CONSTRUCCION INTEGRADA             ,,EDUCACION MEDIA BASICA   ,Anual,0,0,0,
FORMACIÓN PROFESIONAL BÁSICA       ,2021,DEPORTE Y RECREACION               ,,EDUCACION MEDIA BASICA   ,Anual,0,0,0,
FORMACIÓN PROFESIONAL BÁSICA       ,2021,ELECTROTECNIA Y ENERG.ALTERNATIVAS ,,EDUCACION MEDIA BASICA   ,Anual,0,0,0,
FORMACIÓN PROFESIONAL BÁSICA       ,2021,MECANICA GENERAL                   ,,EDUCACION MEDIA BASICA   ,Anual,0,0,0,
FORMACIÓN PROFESIONAL BÁSICA       ,2021,MECANICA AUTOMOTRIZ                ,,EDUCACION MEDIA BASICA   ,Anual,0,0,0,
FORMACIÓN PROFESIONAL BÁSICA       ,2021,MUSICA                             ,,EDUCACION MEDIA BASICA   ,Anual,0,0,0,
FORMACIÓN PROFESIONAL BÁSICA       ,2021,ROBOTICA                           ,,EDUCACION MEDIA BASICA   ,Anual,0,0,0,
FORMACIÓN PROFESIONAL BÁSICA       ,2021,PRODUCCION VEGETAL                 ,,EDUCACION MEDIA BASICA   ,Anual,0,0,0,
FORMACIÓN PROFESIONAL BÁSICA       ,2021,INDUMENTARIA                       ,,EDUCACION MEDIA BASICA   ,Anual,0,0,0,
FORMACIÓN PROFESIONAL BÁSICA       ,2021,PRODUCCION AGROPECUARIA SUSTENTABLE,,EDUCACION MEDIA BASICA   ,Anual,0,0,0,
FORMACIÓN PROFESIONAL BÁSICA       ,2021,PROGRAMACION Y VIDEOJUEGOS         ,,EDUCACION MEDIA BASICA   ,Anual,0,0,0,
FORMACIÓN PROFESIONAL BÁSICA       ,1962,VIOLERIA                           ,FPB - VIOLERÍA,FORMACIÓN PROFESIONAL    ,Anual,0,0,1664,VIOLERÍA
CONVENIO CON FACULTAD DE INGENIERÍA,1992,MECANICA GENERAL                   , CONVENIO CON FACULTAD DE INGENIERIA - MECÁNICA GENERAL,EDUC. SUPERIOR TERCIARIA ,Anual,0,0,0,
ARTICULACIÓN                       ,2001,ARTICULACION TECNOLOGO QUIMICO     , ARTICULACIÓN - TECNÓLOGO QUÍMICO,EDUC. SUPERIOR TERCIARIA ,Anual,0,0,0,
CAPACITACIÓN TÉCNICA               ,1994,CENTRO TECNICO C.N.C.              ,,EDUC. SUPERIOR TERCIARIA ,Anual,0,0,0,
TECNÓLOGO                          ,1992,TECNOLOGO MECANICO                 ,TECNÓLOGO MECÁNICO ,EDUC. SUPERIOR TERCIARIA ,Anual,0,0,0,TECNÓLOGO MECÁNICO
TECNÓLOGO                          ,2004,TECNOLOGO QUIMICO                  ,TECNÓLOGO - QUÍMICO ,EDUC. SUPERIOR TERCIARIA ,Modular,0,0,0,TECNÓLOGO QUÍMICO
TECNÓLOGO                          ,2007,TECNOLOGO EN INFORMATICA           ,TECNÓLOGO - INFORMÁTICA ,EDUC. SUPERIOR TERCIARIA ,Semestral,0,0,0,TECNÓLOGO EN INFORMÁTICA
TECNÓLOGO                          ,2010,TECNOLOGO CARNICO                  ,TECNÓLOGO - CÁRNICO ,EDUC. SUPERIOR TERCIARIA ,Modular,0,0,0,TECNÓLOGO CÁRNICO
TECNÓLOGO                          ,2011,TECNOLOGO MADERA                   ,TECNÓLOGO - MADERA ,EDUC. SUPERIOR TERCIARIA ,Modular,0,0,0,TECNÓLOGO EN MADERA
TECNÓLOGO                          ,2015,DISEÑO ITINERARIOS TURÍSTICOS SOSTENIBLE ,TECNÓLOGO  - DISEÑO DE ITINERARIOS TURÍSTICOS SOSTENIBLES,EDUC. SUPERIOR TERCIARIA ,Semestral,0,0,0,"GUÍA TURÍSTICO, TÉCNICO ITINERARIOS TURÍSTICOS NACIONALES Y REGIONALES, TECNOLÓGO EN DISEÑO DE ITINERARIOS TURÍSTICOS SOSTENIBLES DE NATURALEZA"
TECNÓLOGO                          ,2015,DISEÑO ITINERARIOS TURÍSTICOS CULTURALES SOSTENIBLES      ,TECNOLOGO - DISEÑO DE ITINERARIOS TURÍSTICOS CULTURALES SOSTENIBLES ,EDUC. SUPERIOR TERCIARIA ,Semestral,0,0,0,TECNÓLOGO DISEÑO ITINERARIOS TURÍSTICOS CULTURALES SOSTENIBLES
TECNÓLOGO                          ,2015,MANEJO SISTEMAS PRODUCCION LECHERA ,TECNÓLOGO - MANEJO SISTEMAS PRODUCCIÓN LECHERA,EDUC. SUPERIOR TERCIARIA ,Semestral,0,0,2944,TECNÓLOGO EN MANEJO DE SISTEMAS DE PRODUCCIÓN LECHERA
TECNÓLOGO                          ,2016,GESTION EN DEPORTE Y RECREACION    ,TECNÓLOGO - GESTIÓN DE DEPORTE Y RECREACIÓN,EDUC. SUPERIOR TERCIARIA ,Semestral,0,0,0,TECNÓLOGO EN GESTIÓN DEPORTIVA Y RECREACIÓN
TECNÓLOGO                          ,2016,OPTICO                             ,TECNÓLOGO - ÓPTICO ,EDUC. SUPERIOR TERCIARIA ,Modular,0,0,0,TECNÓLOGO EN ÓPTICA OFTÁLMICA
TECNÓLOGO                          ,2016,INDUSTRIAL MECANICO                ,,EDUC. SUPERIOR TERCIARIA ,Anual,0,0,0,
TECNÓLOGO                          ,2018,VITIVINICULTURA                    ,TECNÓLOGO - VITIVINICULTURA ,EDUC. SUPERIOR TERCIARIA ,Modular,0,0,0,TECNÓLOGO EN VITIVINICULTURA
TECNÓLOGO                          ,2018,MECATRONICA INDUSTRIAL             ,TECNÓLOGO - MECATRÓNICA INDUSTRIAL,EDUC. SUPERIOR TERCIARIA ,Modular,0,0,0,TECNÓLOGO EN MECATRÓNICA INDUSTRIAL
TECNÓLOGO                          ,2021,BIOTECNOLOGIA                      ,,EDUC. SUPERIOR TERCIARIA ,Indefinido,0,0,0,
TECNÓLOGO                          ,2022,METEOROLOGIA                       ,,EDUC. SUPERIOR TERCIARIA ,Anual,0,0,0,
TECNÓLOGO                          ,2022,PRODUCCION EQUINA                  ,,EDUC. SUPERIOR TERCIARIA ,Indefinido,0,0,0,
TECNÓLOGO                          ,2023,CIBERSEGURIDAD                     ,,EDUC. SUPERIOR TERCIARIA ,Indefinido,0,0,0,
CURSO BÁSICO                       ,1998,PIEDRAS SEMIPRECIOSAS              ,CURSO BASICO - PIEDRAS SEMIPRECIOSAS,FORMACIÓN PROFESIONAL    ,Anual,0,0,0,
CURSO BÁSICO ESPECIALIZACIÓN       ,1999,LENCERIA                           ,CURSO BÁSICO ESPECIALIZACIÓN - LENCERÍA,CAPACITACIONES           ,Anual,0,0,240,CURSO BÁSICO VESTIMENTA ESPECIALIZACIÓN LENCERÍA
EDUCACIÓN MEDIA SUPERIOR           ,2004,ESP.CURR. OPT. GENERAL             ,EDUCACIÓN MEDIA SUPERIOR - ESPACIO CURRICULAR OPTATIVO GENERAL,EDUCACION MEDIA SUPERIOR ,Anual,0,0,0,
EDUCACIÓN MEDIA PROFESIONAL        ,2004,ADMINISTRACION                     ,EDUCACIÓN MEDIA PROFESIONAL - ADMINISTRACIÓN,EDUCACION MEDIA SUPERIOR ,Anual,0,0,1920,"AUXILIAR CONTABLE, AUXILIAR ADMINISTRATIVO CONTABLE CALIFICADO"
EDUCACIÓN MEDIA PROFESIONAL        ,2004,AGROFORESTAL                       ,EDUCACIÓN MEDIA PROFESIONAL - AGROFORESTAL,EDUCACION MEDIA SUPERIOR ,Anual,0,0,2624,OPERARIO CALIFICADO AGROFORESTAL
EDUCACIÓN MEDIA PROFESIONAL        ,2004,AGRICOLA GANADERO                  ,EDUCACIÓN MEDIA PROFESIONAL - AGRÍCOLA GANADERO,EDUCACION MEDIA SUPERIOR ,Anual,0,0,2624,OPERARIO CALIFICADO AGRÍCOLA GANADERO
EDUCACIÓN MEDIA PROFESIONAL        ,2004,ASISTENTE DE DIRECCION             ,EDUCACIÓN MEDIA PROFESIONAL - ASISTENTE DE DIRECCIÓN ,EDUCACION MEDIA SUPERIOR ,Anual,0,0,1920,ASISTENTE DE DIRECCIÓN
EDUCACIÓN MEDIA PROFESIONAL        ,2004,COMPOSICION ARMADO EN PANTALLA     ,EDUCACIÓN MEDIA PROFESIONAL - COMPOSICIÓN ARMADO EN PANTALLA,EDUCACION MEDIA SUPERIOR ,Anual,0,0,1920,OPERARIO CALIFICADO COMPOSICIÓN Y ARMADO EN PANTALLA
EDUCACIÓN MEDIA PROFESIONAL        ,2004,CONST. MUEBLES POR DISEÑO          ,EDUCACIÓN MEDIA PROFESIONAL - CONSTRUCCIÓN DE MUEBLES POR DISEÑO ,EDUCACION MEDIA SUPERIOR ,Anual,0,0,1920,OPERARIO CALIFICADO CARPINTERO EBANISTA
EDUCACIÓN MEDIA PROFESIONAL        ,2004,CONST. VIVENDAS Y ABERTURAS        ,EDUCACIÓN MEDIA PROFESIONAL - CONSTRUCCIÓN DE VIVENDAS Y ABERTURAS ,EDUCACION MEDIA SUPERIOR ,Anual,0,0,1920,OPERARIO CALIFICADO CARPINTERO CONSTRUCTOR DE VIVIENDAS Y ABERTURAS EN MADERA
EDUCACIÓN MEDIA PROFESIONAL        ,2004,CONSTRUCCION DE EMBARCACIONES      ,EDUCACIÓN MEDIA PROFESIONAL - CONSTRUCCIÓN DE EMBARCACIONES ,EDUCACION MEDIA SUPERIOR ,Anual,0,0,1920,OPERARIO CALIFICADO CARPINTERO DE RIBERA
EDUCACIÓN MEDIA PROFESIONAL        ,2004,CONS. DE RECURSOS NATURALES        ,EDUCACIÓN MEDIA PROFESIONAL - CONSERVACIÓN DE RECURSOS NATURALES,EDUCACION MEDIA SUPERIOR ,Anual,0,0,2624,IDÓNEO EN TECNOLOGÍAS DE CONSERVACIÓN DE RECURSOS NATURALES
EDUCACIÓN MEDIA PROFESIONAL        ,2004,ALOJAMIENTO                        ,EDUCACIÓN MEDIA PROFESIONAL -  ALOJAMIENTO ,EDUCACION MEDIA SUPERIOR ,Anual,0,0,1920,OPERARIO CALIFICADO EN ALOJAMIENTO
EDUCACIÓN MEDIA PROFESIONAL        ,2004,HORTIFRUTICULTURA                  ,EDUCACIÓN MEDIA PROFESIONAL - HORTIFRUTICULTURA ,EDUCACION MEDIA SUPERIOR ,Anual,0,0,2624,OPERARIO CALIFICADO HORTIFRUTICULTURA
EDUCACIÓN MEDIA PROFESIONAL        ,2004,INSTALACIONES ELECTRICAS           ,EDUCACIÓN MEDIA PROFESIONAL - INSTALACIONES ELÉCTRICAS ,EDUCACION MEDIA SUPERIOR ,Anual,0,0,1920,OPERARIO CALIFICADO IDÓNEO EN INSTALACIONES ELÉCTRICAS
EDUCACIÓN MEDIA PROFESIONAL        ,2004,MECANIZACION AGRICOLA              ,EDUCACIÓN MEDIA PROFESIONAL - MECANIZACIÓN AGRÍCOLA,EDUCACION MEDIA SUPERIOR ,Anual,0,0,2624,OPERARIO CALIFICADO MECANIZACIÓN AGRÍCOLA
EDUCACIÓN MEDIA PROFESIONAL        ,2004,MECANICA NAVAL                     ,EDUCACIÓN MEDIA PROFESIONAL - MECÁNICA NAVAL ,EDUCACION MEDIA SUPERIOR ,Anual,0,0,1920,
EDUCACIÓN MEDIA PROFESIONAL        ,2004,Mantenimiento Industrial Electromecánico en Electricidad,EDUCACIÓN MEDIA PROFESIONAL - MANTENIMIENTO INDUSTRIAL ELECTROMECÁNICO ,EDUCACION MEDIA SUPERIOR ,Anual,0,0,1920,OPERARIO CALIFICADO EN MANTENIMIENTO INDUSTRIAL ELECTROMECÁNICO
EDUCACIÓN MEDIA PROFESIONAL        ,2004,Mantenimiento Industrial Electromecánico,EDUCACIÓN MEDIA PROFESIONAL - MANTENIMIENTO INDUSTRIAL ELECTROMECÁNICO ,EDUCACION MEDIA SUPERIOR ,Anual,0,0,1920,OPERARIO CALIFICADO EN MANTENIMIENTO INDUSTRIAL ELECTROMECÁNICO
EDUCACIÓN MEDIA PROFESIONAL        ,2004,MECANICA EN PRODUCCION             ,EDUCACIÓN MEDIA PROFESIONAL - MECÁNICA EN PRODUCCIÓN,EDUCACION MEDIA SUPERIOR ,Anual,0,0,1920,OPERARIO CALIFICADO EN MECÁNICA EN PRODUCCIÓN
EDUCACIÓN MEDIA PROFESIONAL        ,2004,OPERADOR DE PROCESOS INDUSTRIALES       ,,EDUCACION MEDIA SUPERIOR ,Anual,0,0,0,"OPERADOR BÁSICO EN PROCESOS INDUSTRIALES, OPERADOR PROFESIONAL EN PROCESOS INDUSTRIALES"
EDUCACIÓN MEDIA PROFESIONAL        ,2004,PRODUCCION LECHERA                 , EDUCACIÓN MEDIA PROFESIONAL - PRODUCCIÓN LECHERA ,EDUCACION MEDIA SUPERIOR ,Anual,0,0,2624,OPERARIO CALIFICADO PRODUCCIÓN LECHERA
EDUCACIÓN MEDIA PROFESIONAL        ,2004,REFRIGERACION                      ,EDUCACIÓN MEDIA PROFESIONAL - REFRIGERACIÓN,EDUCACION MEDIA SUPERIOR ,Anual,0,0,1920,OPERARIO CALIFICADO EN REFRIGERACIÓN
EDUCACIÓN MEDIA PROFESIONAL        ,2004,REPARACION DE P. C.                ,EDUCACIÓN MEDIA PROFESIONAL - REPARACIÓN DE P. C.,EDUCACION MEDIA SUPERIOR ,Anual,0,0,1920,OPERARIO CALIFICADO EN REPARACIÓN PC
EDUCACIÓN MEDIA PROFESIONAL        ,2004,NAUTICA Y PESCA                    ,EDUCACIÓN MEDIA PROFESIONAL - NÁUTICA Y PESCA,EDUCACION MEDIA SUPERIOR ,Anual,0,0,2240,"MARINERO DE CUBIERTA A II/4, PATRÓN DE TRÁFICO Y PATRÓN DE PESCA COSTERA"
EDUCACIÓN MEDIA PROFESIONAL        ,2004,RESTAURO EN MADERA                 ,EDUCACIÓN MEDIA PROFESIONAL - RESTAURO EN MADERA,EDUCACION MEDIA SUPERIOR ,Anual,0,0,1920,OPERARIO CALIFICADO RESTAURADOR
EDUCACIÓN MEDIA PROFESIONAL        ,2004,SERIGRAFIA                         ,EDUCACIÓN MEDIA PROFESIONAL -  SERIGRAFÍA,EDUCACION MEDIA SUPERIOR ,Anual,0,0,1920,OPERARIO CALIFICADO EN SERIGRAFÍA
EDUCACIÓN MEDIA PROFESIONAL        ,2004,SOLDADURA INDUSTRIAL               ,EDUCACIÓN MEDIA PROFESIONAL - SOLDADURA INDUSTRIAL,EDUCACION MEDIA SUPERIOR ,Anual,0,0,1920,OPERARIO CALIFICADO EN SOLDADURA INDUSTRIAL
EDUCACIÓN MEDIA PROFESIONAL        ,2004,TEXTIL                             , EDUCACIÓN MEDIA PROFESIONAL - TEXTIL,EDUCACION MEDIA SUPERIOR ,Anual,0,0,2048,OPERARIO CALIFICADO EN ÁREA TEXTIL
EDUCACIÓN MEDIA TECNOLÓGICA        ,2004,ADMINISTRACION                     ,EDUCACIÓN MEDIA TECNOLÓGICA - ADMINISTRACIÓN (R),EDUCACION MEDIA SUPERIOR ,Anual,0,36,3456,BACHILLER TECNOLÓGICO ADMINISTRACIÓN - AUXILIAR TÉCNICO  EN ADMINISTRACIÓN
EDUCACIÓN MEDIA TECNOLÓGICA        ,2004,AGRARIO BINACIONAL                 ,EDUCACIÓN MEDIA TECNOLÓGICA - AGRARIO BINACIONAL,EDUCACION MEDIA SUPERIOR ,Anual,0,0,0,BACHILLER TECNOLÓGICO AGRARIO BINACIONAL - AUXILIAR TÉCNICO AGRARIO
EDUCACIÓN MEDIA TECNOLÓGICA        ,2004,AGRARIO                            ,,EDUCACION MEDIA SUPERIOR ,Anual,0,0,0,BACHILLER TECNOLÓGICO AGRARIO-AUXILIAR TÉCNICO AGRARIO
EDUCACIÓN MEDIA TECNOLÓGICA        ,2004,AERONAUTICA                        ,EDUCACIÓN MEDIA TECNOLÓGICA - AERONÁUTICA ,EDUCACION MEDIA SUPERIOR ,Anual,0,0,0,
EDUCACIÓN MEDIA TECNOLÓGICA        ,2004,AERONAUTICA SIST. MOTOPROPULSORES  ,EDUCACIÓN MEDIA TECNOLÓGICA. SISTEMA DE AERONAVES MOTOPROPULSORES,EDUCACION MEDIA SUPERIOR ,Anual,0,0,3712,BACHILLER TECNOLÓGICO EN AERONÁUTICA ÉNFASIS MOTOPROPULSORES -  AUXILIAR TÉCNICO EN AERONÁUTICA
EDUCACIÓN MEDIA TECNOLÓGICA        ,2004,AERONAUTICA SISTEMAS DE AERONAVES  ,EDUCACIÓN MEDIA TECNOLÓGICA - SISTEMAS DE AERONAVES,EDUCACION MEDIA SUPERIOR ,Anual,0,0,3616,BACHILLER TECNOLÓGICO EN AERONÁUTICA ÉNFASIS SISTEMAS DE AERONAVES - AUXILIAR TÉCNICO EN AERONÁUTICA
EDUCACIÓN MEDIA TECNOLÓGICA        ,2004,AERONAUTICA AVIONICA               ,EDUCACIÓN MEDIA TECNOLÓGICA -  AVIÓNICA,EDUCACION MEDIA SUPERIOR ,Anual,0,0,3712,BACHILLER TECNOLÓGICO EN AERONÁUTICA ÉNFASIS AVIÓNICA - AUXILIAR TÉCNICO EN AERONÁUTICA
EDUCACIÓN MEDIA TECNOLÓGICA        ,2004,ARTES GRAFICAS                     ,EDUCACIÓN MEDIA TECNOLÓGICA - ARTES GRÁFICAS,EDUCACION MEDIA SUPERIOR ,Anual,0,0,3648,BACHILLER TECNOLÓGICO EN ARTES GRÁFICAS - AUXILIAR TÉCNICO EN ARTES GRÁFICAS
EDUCACIÓN MEDIA TECNOLÓGICA        ,2004,AUDIOVISUAL                        , EDUCACIÓN MEDIA TECNOLÓGICA - AUDIOVISUAL,EDUCACION MEDIA SUPERIOR ,Anual,0,0,3456,BACHILLER TECNOLÓGICO EN AUDIOVISUAL - AUXILIAR TÉCNICO AUDIOVISUAL
EDUCACIÓN MEDIA TECNOLÓGICA        ,2004,AUTOMATIZACION INDUSTRIAL          ,EDUCACIÓN MEDIA TECNOLÓGICA - AUTOMATIZACIÓN INDUSTRIAL,EDUCACION MEDIA SUPERIOR ,Anual,0,0,3392,BACHILLER TECNOLÓGICO EN AUTOMATIZACIÓN INDUSTRIAL - AUXILIAR TÉCNICO AUTOMATIZACIÓN INDUSTRIAL
EDUCACIÓN MEDIA TECNOLÓGICA        ,2004,CONSTRUCCION                       ,EDUCACIÓN MEDIA TECNOLÓGICA - CONSTRUCCIÓN,EDUCACION MEDIA SUPERIOR ,Anual,0,0,0,BACHILLER TECNOLÓGICO CONSTRUCCIÓN - AUXILIAR TÉCNICO EN CONSTRUCCIÓN
EDUCACIÓN MEDIA TECNOLÓGICA        ,2004,DEPORTE Y RECREACION               ,EDUCACIÓN MEDIA TECNOLÓGICA - DEPORTE Y RECREACIÓN,EDUCACION MEDIA SUPERIOR ,Anual,0,0,3616,BACHILLER TECNOLÓGICO EN DEPORTE Y RECREACIÓN - AUXILIAR TÉCNICO
EDUCACIÓN MEDIA TECNOLÓGICA        ,2004,CIENCIAS NATURALES Y TECNOLOGIA    ,EDUCACIÓN MEDIA TECNOLÓGICA -  CIENCIAS NATURALES Y TECNOLOGÍA,EDUCACION MEDIA SUPERIOR ,Anual,0,0,0,BACHILLER TECNOLÓGICO EN CIENCIAS NATURALES Y TECNOLOGÍA – AUXILIAR TÉCNICO
EDUCACIÓN MEDIA TECNOLÓGICA        ,2004,ESTETICA INTEGRAL                  ,EDUCACIÓN MEDIA TECNOLÓGICA - ESTÉTICA INTEGRAL,EDUCACION MEDIA SUPERIOR ,Anual,0,0,0,BACHILLER TECNOLÓGICO EN ESTÉTICA INTEGRAL – ASISTENTE TÉCNICO
EDUCACIÓN MEDIA TECNOLÓGICA        ,2004,DISEÑO                             ,EDUCACIÓN MEDIA TECNOLÓGICA - DISEÑO,EDUCACION MEDIA SUPERIOR ,Anual,0,0,3328,BACHILLER TECNOLÓGICO EN DISEÑO - ASISTENTE TÉCNICO EN DISEÑO
EDUCACIÓN MEDIA TECNOLÓGICA        ,2004,ELECTROMECANICA AUTOMOTRIZ         ,EDUCACIÓN MEDIA TECNOLÓGICA -  ELECTROMECÁNICA AUTOMOTRIZ,EDUCACION MEDIA SUPERIOR ,Anual,0,0,3456,BACHILLER TECNOLÓGICO EN ELECTROMECÁNICA AUTOMOTRIZ - AUXILIAR TÉCNICO EN ELECTROMECÁNICA AUTOMOTRIZ
EDUCACIÓN MEDIA TECNOLÓGICA        ,2004,ELECTRO - ELECTRONICA              ,EDUCACIÓN MEDIA TECNOLÓGICA - ELECTRO - ELECTRÓNICA,EDUCACION MEDIA SUPERIOR ,Anual,0,0,3456,BACHILLER TECNOLÓGICO EN ELECTRO - ELECTRÓNICA - AUXILIAR TÉCNICO EN ELECTRO - ELECTRÓNICA
EDUCACIÓN MEDIA TECNOLÓGICA        ,2004,ELECTROMECANICA                    ,EDUCACIÓN MEDIA TECNOLÓGICA - ELECTROMECÁNICA,EDUCACION MEDIA SUPERIOR ,Anual,0,0,3456,BACHILLER TECNOLÓGICO - AUXILIAR TÉCNICO EN ELECTROMECÁNICA
EDUCACIÓN MEDIA TECNOLÓGICA        ,2004,ROBOTICA Y TELECOMUNICACIONES      ,EDUCACIÓN MEDIA TECNOLÓGICA - ROBÓTICA Y TELECOMUNICACIONES,EDUCACION MEDIA SUPERIOR ,Anual,0,0,3456,BACHILLER TECNOLÓGICO ROBÓTICA Y TELECOMUNICACIONES AUXILIAR TÉCNICO EN ROBÓTICA Y TELECOMUNICACIONES
EDUCACIÓN MEDIA TECNOLÓGICA        ,2004,MUSICA                             ,EDUCACIÓN MEDIA TECNOLÓGICA - MÚSICA,EDUCACION MEDIA SUPERIOR ,Anual,0,0,3296,BACHILLER TECNOLOGICO EN MÚSICA - ASISTENTE TÉCNICO EN MÚSICA
EDUCACIÓN MEDIA TECNOLÓGICA        ,2004,INFORMATICA                        ,EDUCACIÓN MEDIA TECNOLÓGICA - INFORMÁTICA,EDUCACION MEDIA SUPERIOR ,Anual,0,36,3456,
EDUCACIÓN MEDIA TECNOLÓGICA        ,2004,INFORMATICA BILINGÜE - WEB         ,,EDUCACION MEDIA SUPERIOR ,Indefinido,0,0,0,
EDUCACIÓN MEDIA TECNOLÓGICA        ,2004,INFORMATICA - DESARROLLO Y SOPORTE ,INFORMÁTICA- DESARROLLO Y SOPORTE,EDUCACION MEDIA SUPERIOR ,Anual,0,0,0,BACHILLER TECNOLÓGICO - AUXILIAR TÉCNICO EN INFORMÁTICA CON ÉNFASIS DESARROLLO Y SOPORTE
EDUCACIÓN MEDIA TECNOLÓGICA        ,2004,INFORMATICA - DESARROLLO WEB       ,INFORMÁTICA - DESARROLLO WEB,EDUCACION MEDIA SUPERIOR ,Anual,0,0,0,BACHILLER TECNOLÓGICO Y AUXILIAR TÉCNICO EN INFORMATICA CON ÉNFASIS EN DESARROLLO WEB
EDUCACIÓN MEDIA TECNOLÓGICA        ,2004,MAQUINISTA NAVAL                   ,EDUCACIÓN MEDIA TECNOLÓGICA - MAQUINISTA NAVAL,EDUCACION MEDIA SUPERIOR ,Anual,0,38,3744,BACHILLER TECNOLÓGICO MAQUINISTA NAVAL -AUXILIAR TÉCNICO INTEGRANTE DE CÁMARA DE MÁQUINAS(MARINERO III/4)
EDUCACIÓN MEDIA TECNOLÓGICA        ,2004,QUIMICA INDUSTRIAL                 ,EDUCACIÓN MEDIA TECNOLÓGICA - QUÍMICA INDUSTRIAL,EDUCACION MEDIA SUPERIOR ,Anual,0,0,3584,BACHILLER TECNOLÓGICO EN QUIMICA INDUSTRIAL - AUXILIAR TÉCNICO DE LABORATORIO QUÍMICO
EDUCACIÓN MEDIA TECNOLÓGICA        ,2004,ENERGIAS RENOVABLES                ,EDUCACIÓN MEDIA TECNOLÓGICA - ENERGÍAS RENOVABLES,EDUCACION MEDIA SUPERIOR ,Anual,0,0,3200,BACHILLER TECNOLÓGICO EN ENERGÍAS RENOVABLES - AUXILIAR TÉCNICO EN SISTEMAS DE ENERGÍAS RENOVABLES
EDUCACIÓN MEDIA TECNOLÓGICA        ,2004,TURISMO                            ,EDUCACIÓN MEDIA TECNOLÓGICA - TURISMO,EDUCACION MEDIA SUPERIOR ,Anual,0,36,3456,BACHILLER TECNOLÓGICO EN TURISMO - AUXILIAR TÉCNICO EN TURISMO
EDUCACIÓN MEDIA TECNOLÓGICA        ,2004,INDUMENTARIA TEXTIL                ,EDUCACIÓN MEDIA TECNOLÓGICA - INDUMENTARIA TEXTIL,EDUCACION MEDIA SUPERIOR ,Anual,0,33,3456,BACHILLER TECNOLÓGICO EN INDUMENTARÍA TEXTIL - AUXILIAR TÉCNICO EN INDUMENTARIA TEXTIL
EDUCACIÓN MEDIA TECNOLÓGICA        ,2014,ELECTRO - ELECTRONICA              ,EDUCACIÓN MEDIA TECNOLÓGICA - ELECTRO - ELECTRÓNICA,EDUCACION MEDIA SUPERIOR ,Anual,0,0,3456,BACHILLER - TÉCNICO NIVEL MEDIO EN ELECTRO - ELECTRÓNICA
EDUCACIÓN MEDIA TECNOLÓGICA        ,2014,INFORMATICA PARA INTERNET INTEGRADO,EDUCACIÓN MEDIA TECNOLÓGICA - INFORMÁTICA PARA INTERNET INTEGRADO,EDUCACION MEDIA SUPERIOR ,Anual,0,0,0,
EDUCACIÓN MEDIA TECNOLÓGICA        ,2014,SISTEMAS ENERGIAS RENOVABLES       ,EDUCACIÓN MEDIA TECNOLÓGICA - SISTEMAS ENERGÍAS RENOVABLES,EDUCACION MEDIA SUPERIOR ,Anual,0,0,3360,BACHILLER TECNOLÓGICO EN SISTEMAS DE ENERGÍA RENOVABLES - AUXILIAR TÉCNICO EN ENERGÍAS RENOVABLES
CURSO TÉCNICO TERCIARIO            ,1996,CORREDOR DE SEGUROS                ,CURSO TÉCNICO TERCIARIO - CORREDOR DE SEGUROS,EDUC. SUPERIOR TERCIARIA ,Anual,0,0,800,TÉCNICO CORREDOR DE SEGUROS
CURSO TÉCNICO TERCIARIO            ,1998,TECNICO EN COMUNICACION SOCIAL     ,CURSO TÉCNICO TERCIARIO - TÉCNICO EN COMUNICACIÓN SOCIAL,EDUC. SUPERIOR TERCIARIA ,Anual,0,0,0,AUXILIAR TÉCNICO EN COMUNICACIÓN SOCIAL
CURSO TÉCNICO TERCIARIO            ,1998,Comunicación Social; Orientación en Prensa,CURSO TECNICO TERCIARIO - COMUNICACIÓN SOCIAL OPCIÓN PRENSA,EDUC. SUPERIOR TERCIARIA ,Anual,0,0,2112,TÉCNICO EN COMUNICACIÓN SOCIAL OPCIÓN PRENSA
CURSO TÉCNICO TERCIARIO            ,1998,Comunicación Social; Orientación en Publicidad       ,CURSO TECNICO TERCIARIO - COM.SOCIAL OP. PUBLICIDAD,EDUC. SUPERIOR TERCIARIA ,Anual,0,0,2016,
CURSO TÉCNICO TERCIARIO            ,1998,Comunicación Social; Orientación en Radiodifusión,CURSO TECNICO TERCIARIO - COMUNICACIÓN SOCIAL OPCIONAL RADIODIFUSIÓN,EDUC. SUPERIOR TERCIARIA ,Anual,0,0,2112,TÉCNICO EN COMUNICACIÓN SOCIAL OPCIÓN RADIODIFUSIÓN
CURSO TÉCNICO TERCIARIO            ,1998,Comunicación Social; Orientación en Relaciones Públicas    ,CURSO TECNICO TERCIARIO - COMUNICACIÓN SOCIAL OPICIÓN RELACIONES PÚBLICAS,EDUC. SUPERIOR TERCIARIA ,Anual,0,0,2112,TÉCNICO EN COMUNICACIÓN SOCIAL OPCIÓN RELACIONES PÚBLICAS
CURSO TÉCNICO TERCIARIO            ,1998,Comunicación Social; Orientación en Televisión        ,CURSO TÉCNICO TERCIARIO - COMUNICACIÓN SOCIAL OPCIÓN TELEVISIÓN,EDUC. SUPERIOR TERCIARIA ,Anual,0,0,2112,TÉCNICO EN COMUNICACIÓN SOCIAL OPCIÓN TELEVISIÓN
CURSO TÉCNICO TERCIARIO            ,2006,PRODUCCION LECHERA                 ,,EDUC. SUPERIOR TERCIARIA ,Anual,0,0,0,
CURSO TÉCNICO TERCIARIO            ,2007,PRODUCCION AGRICOLA GANADERA       ,CURSO TÉCNICO TERCIARIO - PRODUCCIÓN AGRÍCOLA GANADERA,EDUC. SUPERIOR TERCIARIA ,Anual,0,0,3200,TÉCNICO EN PRODUCCIÓN AGRÍCOLA GANADERA
CURSO TÉCNICO TERCIARIO            ,2008,MAQUINISTA NAVAL                   ,CURSO TÉCNICO TERCIARIO - MAQUINISTA NAVAL,EDUC. SUPERIOR TERCIARIA ,Anual,0,0,2432,MAQUINISTA NAVAL - OFICIAL A CARGO DE LA GUARDIA DE MÁQUINAS - III/1
CURSO TÉCNICO TERCIARIO            ,2010,NAUTICA Y PESCA                    ,CURSO TÉCNICO TERCIARIO - NÁUTICA Y PESCA,EDUC. SUPERIOR TERCIARIA ,Anual,0,0,2240,"PATRÓN DE PESCA DE ALTURA Y PATRÓN DE HIDROVÍA, PATRÓN DE GRAN CABOTAJE Y PATRÓN DE PESCA DE ULTRAMAR"
CURSO TÉCNICO TERCIARIO            ,2010,PRODUCCION AGROPECUARIA FAMILIAR   ,CURSO TÉCNICO TERCIARIO - PRODUCCIÓN AGROPECUARIA FAMILIAR,EDUC. SUPERIOR TERCIARIA ,Anual,0,0,2224,TÉCNICO EN PRODUCCIÓN AGROPECUARIA FAMILIAR
CURSO TÉCNICO TERCIARIO            ,2012,AUDIOVISUALES                      ,CURSO TÉCNICO TERCIARIO - AUDIOVISUALES,EDUC. SUPERIOR TERCIARIA ,Anual,0,32,2048,TÉCNICO AUDIOVISUAL MENCIÓN CAPTURA Y PROCESAMIENTO DE IMAGEN Y SONIDO
CURSO TÉCNICO TERCIARIO            ,2012,ORGANIZACION DE EVENTOS            ,CURSO TÉCNICO TERCIARIO - ORGANIZACIÓN DE EVENTOS,EDUC. SUPERIOR TERCIARIA ,Anual,0,0,1824,TÉCNICO EN ORGANIZACIÓN DE EVENTOS
CURSO TÉCNICO TERCIARIO            ,2012,TELECOMUNICACIONES                 , CURSO TÉCNICO TERCIARIO - TELECOMUNICACIONES,EDUC. SUPERIOR TERCIARIA ,Anual,0,0,1984,TÉCNICO EN TELECOMUNICACIONES
CURSO TÉCNICO TERCIARIO            ,2013,DEPORTES NAUTICOS                  ,CURSO TÉCNICO TERCIARIO - DEPORTES NÁUTICOS,EDUC. SUPERIOR TERCIARIA ,Modular,0,0,1872,TÉCNICO EN DEPORTES NÁUTICOS
CURSO TÉCNICO TERCIARIO            ,2013,DISEÑO GRAFICO EN COM. VISUAL      ,CURSO TECNICO TÉRCIARIO - DISEÑO GRÁFICO EN COMUNICACIÓN VISUAL,EDUC. SUPERIOR TERCIARIA ,Anual,0,0,2112,TÉCNICO DISEÑADOR GRÁFICO EN COMUNICACIÓN VISUAL
CURSO TÉCNICO TERCIARIO            ,2013,GESTION EMPRESAS TURISTICAS        ,CURSO TÉCNICO TERCIARIO - GESTIÓN EMPRESAS TURÍSTICAS,EDUC. SUPERIOR TERCIARIA ,Anual,0,0,1984,TÉCNICO EN GESTIÓN DE EMPRESAS TURÍSTICAS
CURSO TÉCNICO TERCIARIO            ,2013,INDUSTRIAS LACTEAS                 ,CURSO TÉCNICO TERCIARIO - INDUSTRIAS LÁCTEAS,EDUC. SUPERIOR TERCIARIA ,Anual,0,0,3088,TÉCNICO EN INDUSTRIAS LÁCTEAS
CURSO TÉCNICO TERCIARIO            ,2013,LOGISTICA                          ,CURSO TÉCNICO TERCIARIO - LOGÍSTICA,EDUC. SUPERIOR TERCIARIA ,Semestral,176,0,1840,TÉCNICO EN LOGÍSTICA
CURSO TÉCNICO TERCIARIO            ,2013,LOGISTICA - BINACIONAL             ,CURSO TÉCNICO TERCIARIO - LOGÍSTICA - BINACIONAL ,EDUC. SUPERIOR TERCIARIA ,Anual,0,0,2360,TÉCNICO EN LOGISTICA
CURSO TÉCNICO TERCIARIO            ,2013,REDES Y SOFTWARE                   ,CURSO TÉCNICO TERCIARIO - REDES Y SOFTWARE,EDUC. SUPERIOR TERCIARIA ,Anual,0,0,1120,TÉCNICO EN REDES Y SOFTWARE
CURSO TÉCNICO TERCIARIO            ,2013,REDES Y COMUNICACIONES OPTICAS     ,CURSO TÉCNICO TERCIARIO - REDES Y COMUNICACIONES ÓPTICAS,EDUC. SUPERIOR TERCIARIA ,Anual,0,0,1232,TÉCNICO EN REDES Y COMUNICACIONES ÓPTICAS
CURSO TÉCNICO TERCIARIO            ,2014,CONSERV. GESTION AREAS NATUR       ,CURSO TÉCNICO TERCIARIO - CONSERVACIÓN Y GESTIÓNN EN ÁREAS NATURALES,EDUC. SUPERIOR TERCIARIA ,Anual,0,0,2048,TÉCNICO EN CONSERVACIÓN Y GESTIÓN EN ÁREAS NATURALES
CURSO TÉCNICO TERCIARIO            ,2014,CONSTRUCCION OBRA CIVIL BINACIONAL ,CURSO TÉCNICO TERCIARIO - CONSTRUCCIÓN OBRA CIVIL BINACIONAL,EDUC. SUPERIOR TERCIARIA ,Modular,0,23,1840,TÉCNICO EN CONSTRUCCIÓN ÉNFASIS OBRA CIVIL
CURSO TÉCNICO TERCIARIO            ,2014,SISTEMAS ENERGIAS RENOVABLES       ,CURSO TÉCNICO TERCIARIO - SISTEMAS DE ENERGÍAS RENOVABLES  ,EDUC. SUPERIOR TERCIARIA ,Anual,0,0,0,TÉCNICO NIVEL TERCIARIO EN SISTEMAS DE ENERGÍAS RENOVABLES
CURSO TÉCNICO TERCIARIO            ,2015,ADMINISTRACION                     ,CURSO TÉCNICO TERCIARIO - ADMINISTRACIÓN,EDUC. SUPERIOR TERCIARIA ,Anual,0,0,1792,TÉCNICO EN ADMINISTRACIÓN
CURSO TÉCNICO TERCIARIO            ,2015,SECRETARIADO BILINGÜE - INGLES     ,CURSO TÉCNICO TERCIARIO - SECRETARIADO BILINGÜE - INGLÉS,EDUC. SUPERIOR TERCIARIA ,Anual,0,0,1940,SECRETARIADO EJECUTIVO BILINGÜE MENCIÓN INGLÉS
CURSO TÉCNICO TERCIARIO            ,2015,RECREACION                         ,CURSO TECNICO TERCIARIO - RECREACIÓN,EDUC. SUPERIOR TERCIARIA ,Anual,0,0,1856,TÉCNICO EN RECREACIÓN
CURSO TÉCNICO TERCIARIO            ,2015,CONSTRUCCION CICLO COMUN           ,CURSO TÉCNICO TERCIARIO - CONSTRUCCIÓN CICLO COMÚN,EDUC. SUPERIOR TERCIARIA ,Anual,0,0,0,
CURSO TÉCNICO TERCIARIO            ,2015,CONSTRUCCION ENFASIS ARQUITECTURA  ,CURSO TÉCNICO TERCIARIO - CONSTRUCCIóN ÉNFASIS ARQUITECTURA,EDUC. SUPERIOR TERCIARIA ,Anual,0,0,1728,TÉCNICO EN CONSTRUCCIÓN ÉNFASIS ARQUITECTURA
CURSO TÉCNICO TERCIARIO            ,2015,CONSTRUCCION ENFASIS OBRA SECA     ,CURSO TÉCNICO TERCIARIO - CONSTRUCCIÓN ÉNFASIS OBRA SECA,EDUC. SUPERIOR TERCIARIA ,Modular,0,0,1760,TÉCNICO EN CONSTRUCCIÓN ÉNFASIS OBRA SECA
CURSO TÉCNICO TERCIARIO            ,2015,GASTRONOMIA - BINACIONAL           ,CURSO TÉCNICO TERCIARIO - GASTRONOMÍA - BINACIONAL,EDUC. SUPERIOR TERCIARIA ,Anual,0,0,1912,TÉCNICO EN GASTRONOMÍA
CURSO TÉCNICO TERCIARIO            ,2015,GESTION DE ALOJAMIENTO             ,CURSO TÉCNICO TERCIARIO -  GESTIÓN DE ALOJAMIENTO,EDUC. SUPERIOR TERCIARIA ,Anual,0,0,2035,TÉCNICO EN GESTIÓN DE ALOJAMIENTO
CURSO TÉCNICO TERCIARIO            ,2015,INSTALACIONES SANITARIAS           ,CURSO TÉCNICO TERCIARIO - INSTALACIONES SANITARIAS,EDUC. SUPERIOR TERCIARIA ,Anual,0,0,1816,TÉCNICO EN INSTALACIONES SANITARIAS
CURSO TÉCNICO TERCIARIO            ,2015,GESTION HUMANA                     ,CURSO TÉCNICO TERCIARIO - GESTIÓN HUMANA,EDUC. SUPERIOR TERCIARIA ,Anual,0,0,1760,TÉCNICO EN GESTIÓN HUMANA
CURSO TÉCNICO TERCIARIO            ,2016,SEC BILINGÜE MEN POR - BINACIONAL  ,,EDUC. SUPERIOR TERCIARIA ,Anual,0,0,0,SECRETARIADO EJECUTIVO BILINGÜE MENCION PORTUGUES
CURSO TÉCNICO TERCIARIO            ,2016,FORESTAL                           ,CURSO TÉCNICO TERCIARIO - FORESTAL,EDUC. SUPERIOR TERCIARIA ,Anual,0,0,1648,TÉCNICO FORESTAL
CURSO TÉCNICO TERCIARIO            ,2016,FORESTAL - BINACIONAL              ,CURSO TÉCNICO TERCIARIO - FORESTAL BINACIONAL,EDUC. SUPERIOR TERCIARIA ,Anual,0,16,1648,TÉCNICO FORESTAL
CURSO TÉCNICO TERCIARIO            ,2017,GASTRONOMIA                        ,CURSO TÉCNICO TERCIARIO - GASTRONOMÍA,EDUC. SUPERIOR TERCIARIA ,Anual,0,0,1848,TÉCNICO EN GASTRONOMÍA
CURSO TÉCNICO TERCIARIO            ,2017,OPERADOR INMOBILIARIO              ,CURSO TÉCNICO TERCIARIO - OPERADOR INMOBILIARIO,EDUC. SUPERIOR TERCIARIA ,Anual,0,0,1664,TÉCNICO OPERADOR INMOBILIARIO
CURSO TÉCNICO TERCIARIO            ,2017,REMATADOR                          ,CURSO TÉCNICO TERCIARIO - REMATADOR,EDUC. SUPERIOR TERCIARIA ,Anual,0,0,1520,TÉCNICO REMATADOR
CURSO TÉCNICO TERCIARIO            ,2018,Producción Audiovisual; Dirección Artística y Guion ,CURSO TÉCNICO TERCIARIO - AUDIOVISUAL PRODUCCIÓN DIRECCIÓN DE ARTE Y GUIÓN,EDUC. SUPERIOR TERCIARIA ,Anual,0,0,1824,TÉCNICO AUDIOVISUAL MENCIÓN PRODUCCIÓN; DIRECCIÓN DE ARTE Y GUIÓN
CURSO TÉCNICO TERCIARIO            ,2018,MANT. ELECTROMECANICO INDUSTRIAL   ,CURSO TÉCNICO TERCIARIO - MANTENIMIENTO ELECTROMECÁNICO INDUSTRIAL,EDUC. SUPERIOR TERCIARIA ,Anual,0,0,1600,TÉCNICO EN MANTENIMIENTO ELECTROMECÁNICO INDUSTRIAL
CURSO TÉCNICO TERCIARIO            ,2019,MARKETING                          ,CURSO TÉCNICO TERCIARIO - MARKETING,EDUC. SUPERIOR TERCIARIA ,Anual,0,24,1536,TÉCNICO EN MARKETING
CURSO TÉCNICO TERCIARIO            ,2019,CONTROL AMBIENTAL                  ,CURSO TECNICO TERCIARIO - CONTROL AMBIENTAL ,EDUC. SUPERIOR TERCIARIA ,Anual,0,27,1648,TÉCNICO EN CONTROL AMBIENTAL
CURSO TÉCNICO TERCIARIO            ,2020,INFOGRAFIA Y TECN. LA CONSTRUCCION ,CURSO TÉCNICO TERCIARIO - INFOGRAFÍA Y TECNOLOGÍA DE LA CONSTRUCCIÓN,EDUC. SUPERIOR TERCIARIA ,Anual,0,0,1856,TÉCNICO EN INFOGRAFÍA Y TECNOLOGÍA DE LA CONSTRUCCIÓN
CURSO TÉCNICO TERCIARIO            ,2020,AUTOMATIZACION                     ,CURSO TÉCNICO TERCIARIO - AUTOMATIZACIÓN,EDUC. SUPERIOR TERCIARIA ,Anual,0,24,1600,
CURSO TÉCNICO TERCIARIO            ,2020,INSTALACIONES ELECTRICAS           ,,EDUC. SUPERIOR TERCIARIA ,Indefinido,0,0,0,
CURSO TÉCNICO TERCIARIO            ,2020,AUTOTRONICA                        ,,EDUC. SUPERIOR TERCIARIA ,Indefinido,0,0,0,
CURSO TÉCNICO TERCIARIO            ,2020,INSTRUMENTACION Y CONTROL          ,CURSO TÉCNICO TERCIARIO - INSTRUMENTACIÓN Y CONTROL ,EDUC. SUPERIOR TERCIARIA ,Anual,0,0,0,TÉCNICO EN INSTRUMENTACIÓN Y CONTROL
CURSO TÉCNICO TERCIARIO            ,2023,REDES Y SOFTWARE                   ,,EDUC. SUPERIOR TERCIARIA ,Indefinido,0,0,0,
CURSO TÉCNICO TERCIARIO            ,2023,PRODUCCIONES VEGETALES INTENSIVAS  ,,EDUC. SUPERIOR TERCIARIA ,Indefinido,0,0,0,
CURSO TÉCNICO TERCIARIO            ,2023,INSTRUMENT Y CONTROL SEMIPRESENCIAL,,EDUC. SUPERIOR TERCIARIA ,Indefinido,0,0,0,
BACHILLERATO PROFESIONAL           ,2008,ADMINISTRACION                     ,BACHILLERATO PROFESIONAL - ADMINISTRACIÓN  ,EDUCACION MEDIA SUPERIOR ,Anual,0,31,992,BACHILLER PROFESIONAL  - TÉCNICO DE NIVEL MEDIO ADMINISTRADOR CONTABLE
BACHILLERATO PROFESIONAL           ,2008,AGROFORESTAL                       ,BACHILLERATO PROFESIONAL - AGROFORESTAL,EDUCACION MEDIA SUPERIOR ,Anual,0,47,1504,BACHILLER PROFESIONAL - TÉCNICO DE NIVEL MEDIO AGROFORESTAL
BACHILLERATO PROFESIONAL           ,2008,AGRICOLA GANADERO                  ,BACHILLERATO PROFESIONAL - AGRÍCOLA GANADERO,EDUCACION MEDIA SUPERIOR ,Anual,0,48,1536,BACHILLER PROFESIONAL - TÉCNICO DE NIVEL MEDIO AGRÍCOLA GANADERO
BACHILLERATO PROFESIONAL           ,2008,REACONDICIONAMIENTO FISICO DEP.    ,BACHILLERATO PROFESIONAL - REACONDICIONAMIENTO FÍSICO ,EDUCACION MEDIA SUPERIOR ,Anual,0,38,1216,BACHILLER PROFESIONAL - TÉCNICO DE NIVEL MEDIO EN REACONDICIONAMIENTO FÍSICO DEPORTIVO
BACHILLERATO PROFESIONAL           ,2008,CARPINTERIA                        ,BACHILLERATO PROFESIONAL - CARPINTERÍA,EDUCACION MEDIA SUPERIOR ,Anual,0,40,1280,BACHILLER PROFESIONAL - TÉCNICO DE NIVEL MEDIO EN CARPINTERÍA
BACHILLERATO PROFESIONAL           ,2008,BELLEZA INTEGRAL ENFASIS CAPILAR   ,BACHILLERATO PROFESIONAL - BELLEZA INTEGRAL ÉNFASIS CAPILAR,EDUCACION MEDIA SUPERIOR ,Anual,0,38,1216,BACHILLER PROFESIONAL - TÉCNICO DE NIVEL MEDIO EN BELLEZA INTEGRAL CON ÉNFASIS EN CAPILAR
BACHILLERATO PROFESIONAL           ,2008,CARPINTERIA DE RIBERA              ,BACHILLERATO PROFESIONAL - CARPINTERÍA DE RIBERA,EDUCACION MEDIA SUPERIOR ,Anual,0,40,1280,BACHILLER PROFESIONAL - TÉCNICO DE NIVEL MEDIO EN CARPINTERÍA DE RIBERA
BACHILLERATO PROFESIONAL           ,2008,CHAPA Y PINTURA                    ,,EDUCACION MEDIA SUPERIOR ,Indefinido,0,0,0,
BACHILLERATO PROFESIONAL           ,2008,CONSTRUCCION                       ,BACHILLERATO PROFESIONAL - CONSTRUCCIÓN,EDUCACION MEDIA SUPERIOR ,Anual,0,0,0,BACHILLER PROFESIONAL - TÉCNICO NIVEL MEDIO EN CONSTRUCCIÓN
BACHILLERATO PROFESIONAL           ,2008,GASTRONOMIA                        ,BACHILLERATO PROFESIONAL - GASTRONOMÍA,EDUCACION MEDIA SUPERIOR ,Anual,0,42,1344,BACHILLER PROFESIONAL - TÉCNICO DE NIVEL MEDIO EN GASTRONOMÍA
BACHILLERATO PROFESIONAL           ,2008,AGENCIA DE VIAJES Y ALOJAMIENTO    ,BACHILLERATO PROFESIONAL - AGENCIA DE VIAJES Y ALOJAMIENTO,EDUCACION MEDIA SUPERIOR ,Anual,0,36,1152,BACHILLER PROFESIONAL - TÉCNICO DE NIVEL MEDIO EN AGENCIAS DE VIAJES Y ALOJAMIENTO
BACHILLERATO PROFESIONAL           ,2008,HORTIFRUTICULTURA                  ,,EDUCACION MEDIA SUPERIOR ,Anual,0,0,0,
BACHILLERATO PROFESIONAL           ,2008,INSTALACIONES ELECTRICAS           ,BACHILLERATO PROFESIONAL - INSTALACIONES ELÉCTRICAS,EDUCACION MEDIA SUPERIOR ,Anual,0,40,1280,BACHILLER PROFESIONAL - TÉCNICO DE NIVEL MEDIO EN INSTALACIONES ELÉCTRICAS
BACHILLERATO PROFESIONAL           ,2008,INSTALACIONES SANITARIAS           ,BACHILLERATO PROFESIONAL - INSTALACIONES SANITARIAS,EDUCACION MEDIA SUPERIOR ,Anual,0,40,1280,BACHILLER PROFESIONAL - TÉCNICO DE NIVEL MEDIO EN INSTALACIONES SANITARIAS
BACHILLERATO PROFESIONAL           ,2008,MECANIZACION AGROINDUSTRIAL        ,BACHILLERATO PROFESIONAL - MECANIZACIÓN AGRÍCOLA,EDUCACION MEDIA SUPERIOR ,Anual,0,0,0,BACHILLER PROFESIONAL - TÉCNICO DE NIVEL MEDIO EN MECANIZACIÓN AGROINDUSTRIAL
BACHILLERATO PROFESIONAL           ,2008,MECANICA GENERAL                   ,BACHILLERATO PROFESIONAL - MECÁNICA GENERAL,EDUCACION MEDIA SUPERIOR ,Anual,0,40,1280,BACHILLER PROFESIONAL - TÉCNICO DE NIVEL MEDIO EN MECÁNICA GENERAL
BACHILLERATO PROFESIONAL           ,2008,MECANICA AUTOMOTRIZ                ,BACHILLERATO PROFESIONAL - MECÁNICA AUTOMOTRIZ,EDUCACION MEDIA SUPERIOR ,Anual,0,40,1280,BACHILLER PROFESIONAL - TÉCNICO DE NIVEL MEDIO EN MECÁNICA AUTOMOTRIZ
BACHILLERATO PROFESIONAL           ,2008,MOVILIDAD ELECTRICA                ,,EDUCACION MEDIA SUPERIOR ,Indefinido,0,0,0,
BACHILLERATO PROFESIONAL           ,2008,OP.MANT. INSTALACIONES TRANSMISION ,BACHILLERATO PROFESIONAL - OPERACIÓN Y MANTENIMIENTO DE INSTALACIONES TRANSMISIÓN,EDUCACION MEDIA SUPERIOR ,Anual,0,41,1312,BACHILLER PROFESIONAL - TÉCNICO DE NIVEL MEDIO EN OPERACIÓN Y MANTENIMIENTO DE INSTALACIONES DE TRANSMISIÓN
BACHILLERATO PROFESIONAL           ,2008,OP. MANT. INST. ELECTRICAS BT - MT ,BACHILLERATO PROFESIONAL - OPERACIÓN Y MANTENIMIENTO DE INSTALACIONES ELÉCTRICAS EN BAJA Y MEDIA TEN,EDUCACION MEDIA SUPERIOR ,Anual,0,41,1312,BACHILLER PROFESIONAL - TÉCNICO DE NIVEL MEDIO EN OPERACIÓN Y MANTENIMIENTO DE INSTALACIONES ELÉCTRICAS EN BAJA Y MEDIA TENSIÓN
BACHILLERATO PROFESIONAL           ,2008,PRODUCCION LECHERA                 ,,EDUCACION MEDIA SUPERIOR ,Anual,0,0,0,
BACHILLERATO PROFESIONAL           ,2008,GUARDAPARQUES                      ,BACHILLERATO PROFESIONAL - GUARDAPARQUES,EDUCACION MEDIA SUPERIOR ,Anual,0,42,3072,BACHILLER PROFESIONAL - TÉCNICO DE NIVEL MEDIO EN GUARDAPARQUE
BACHILLERATO PROFESIONAL           ,2008,REFRIGERACION                      ,BACHILLERATO PROFESIONAL - REFRIGERACIÓN,EDUCACION MEDIA SUPERIOR ,Anual,0,38,1216,BACHILLER PROFESIONAL - TÉCNICO DE NIVEL MEDIO EN REFRIGERACIÓN
BACHILLERATO PROFESIONAL           ,2008,NAUTICA Y PESCA                    ,BACHILLERATO PROFESIONAL - NÁUTICA Y PESCA,EDUCACION MEDIA SUPERIOR ,Anual,0,40,1280,BACHILLER PROFESIONAL  - TÉCNICO DE NIVEL MEDIO - PATRÓN DE CABOTAJE Y PESCA DE MEDIA ALTURA.
BACHILLERATO PROFESIONAL           ,2008,SERIGRAFIA                         ,BACHILLERATO PROFESIONAL - SERIGRAFÍA,EDUCACION MEDIA SUPERIOR ,Anual,0,35,1120,BACHILLER PROFESIONAL - TÉCNICO DE NIVEL MEDIO EN SERIGRAFÍA
BACHILLERATO PROFESIONAL           ,2008,SOLDADURA                          ,BACHILLERATO PROFESIONAL - SOLDADURA,EDUCACION MEDIA SUPERIOR ,Anual,0,38,1216,BACHILLER PROFESIONAL- TÉCNICO DE NIVEL MEDIO EN SOLDADURA
BACHILLERATO PROFESIONAL           ,2008,TEXTIL                             ,BACHILLERATO PROFESIONAL - TEXTIL,EDUCACION MEDIA SUPERIOR ,Anual,0,36,1152,BACHILLER PROFESIONAL - TÉCNICO DE NIVEL MEDIO TEXTIL
BACHILLERATO FIGARI                ,2008,CERAMICA                           ,BACHILLERATO FIGARI - CERÁMICA,EDUCACION MEDIA SUPERIOR ,Anual,0,0,3712,BACHILLER EN ARTES Y ARTESANÍAS - CERÁMICA
BACHILLERATO FIGARI                ,2008,DIBUJO Y PINTURA                   , BACHILLERATO FIGARI - DIBUJO Y PINTURA,EDUCACION MEDIA SUPERIOR ,Anual,0,0,3456,BACHILLER EN ARTES Y ARTESANÍAS - DIBUJO Y PINTURA
BACHILLERATO FIGARI                ,2008,ENGARZADO DE GEMAS                 ,,EDUCACION MEDIA SUPERIOR ,Indefinido,0,0,0,
BACHILLERATO FIGARI                ,2008,ESCULTURA                          ,BACHILLERATO FIGARI - ESCULTURA,EDUCACION MEDIA SUPERIOR ,Anual,0,0,3488,BACHILLER EN ARTES Y ARTESANÍAS - ESCULTURA
BACHILLERATO FIGARI                ,2008,JOYERIA                            ,BACHILLERATO FIGARI - JOYERÍA,EDUCACION MEDIA SUPERIOR ,Anual,0,0,0,BACHILLER EN ARTES Y ARTESANÍAS - JOYERÍA
BACHILLERATO FIGARI                ,2008,TALLA EN MADERA                    ,BACHILLERATO FIGARI - TALLA EN MADERA,EDUCACION MEDIA SUPERIOR ,Anual,0,0,0,BACHILLER EN ARTES Y ARTESANÍAS - TALLA EN MADERA
BACHILLERATO FIGARI                ,2008,TECNICAS DE TERMINACION Y ORNAMEN. ,BACHILLERATO FIGARI - TÉCNICAS DE TERMINACIÓN Y ORNAMENTACIÓN ,EDUCACION MEDIA SUPERIOR ,Anual,0,38,3712,BACHILLER EN ARTES Y ARTESANIAS - TÉCNICAS DE TERMINACIÓN Y ORNAMENTACIÓN
FORM. PROFES. EN ARTES Y ARTESANÍAS,2008,CERAMICA                           ,FORMACIÓN PROFESIONAL EN ARTES Y ARTESANÍAS - CERÁMICA,FORMACIÓN PROFESIONAL    ,Anual,0,0,2592,FORMACION PROFESIONAL EN ARTES Y ARTESANIAS - CERAMICA
FORM. PROFES. EN ARTES Y ARTESANÍAS,2008,DIBUJO Y PINTURA                   ,FORMACIÓN PROFESIONAL -  EN ARTES Y ARTESANÍAS - DIBUJO Y PINTURA,FORMACIÓN PROFESIONAL    ,Anual,0,0,2336,FORMACIÓN PROFESIONAL EN ARTES Y ARTESANÍAS-DIBUJO Y PINTURA
FORM. PROFES. EN ARTES Y ARTESANÍAS,2008,ESCULTURA                          ,FORMACIÓN PROFESIONAL EN ARTES Y ARTESANÍAS - ESCULTURA,FORMACIÓN PROFESIONAL    ,Anual,0,0,2368,FORMACIÓN PROFESIONAL EN ARTES Y ARTESANÍAS - ESCULTURA
FORM. PROFES. EN ARTES Y ARTESANÍAS,2008,JOYERIA                            ,FORMACIÓN PROFESIONAL EN ARTES Y ARTESANIAS - JOYERÍA,FORMACIÓN PROFESIONAL    ,Anual,0,0,0,BACHILLER EN ARTES Y ARTESANÍAS - JOYERÍA
FORM. PROFES. EN ARTES Y ARTESANÍAS,2008,TALLA EN MADERA                    ,FORMACIÓN PROFESIONAL EN ARTES Y ARTESANÍAS - TALLA EN MADERA,FORMACIÓN PROFESIONAL    ,Anual,0,0,2560,FORMACIÓN PROFESIONAL EN ARTES Y ARTESANÍAS-TALLA EN MADERA
FORM. PROFES. EN ARTES Y ARTESANÍAS,2008,TECNICAS DE TERMINACION Y ORNAMEN. ,FORMACIÓN PROFESIONAL EN ARTES Y ARTESANÍAS - TÉCNICAS DE TERMINACIÓN Y ORNAMENTACIÓN,FORMACIÓN PROFESIONAL    ,Anual,0,0,2592,FORMACIÓN PROFESIONAL EN ARTES Y ARTESANÍAS - TÉCNICAS DE TERMINACIÓN Y ORNAMENTACIÓN
ARTICULACIÓN EDUCACIÓN MEDIA BÁSICA,2010,OPERARIO PRACTICOCARPINTERIA        ,ARTICULACIÓN EDUCACIÓN MEDIA BÁSICA - PROGRAMA CASAVALLE CARPINTERÍA,EDUCACION MEDIA BASICA   ,Anual,0,35,0,OPERARIO PRACTICO CARPINTERIA
ARTICULACIÓN EDUCACIÓN MEDIA BÁSICA,2010,OPERARIO PRACTICO GASTRONOMIA         ,ARTICULACIÓN EDUCACIÓN MEDIA BÁSICA - PROGRAMA CASAVALLE GASTRONOMÍA,EDUCACION MEDIA BASICA   ,Anual,0,35,0,OPERARIO PRACTICO GASTRONOMIA
ARTICULACIÓN EDUCACIÓN MEDIA BÁSICA,2010,OPERARIO PRACTICO ELECTRICIDAD        ,ARTICULACIÓN EDUCACIÓN MEDIA BÁSICA - PROGRAMA CASAVALLE ELECTRICIDAD,EDUCACION MEDIA BASICA   ,Anual,0,35,0,OPERARIO PRACTICO ELECTRICIDAD
ARTICULACIÓN EDUCACIÓN MEDIA BÁSICA,2010,OPERARIO PRACTICO VESTIMENTA          ,ARTICULACIÓN EDUCACIÓN MEDIA BÁSICA - PROGRAMA CASAVALLE VESTIMENTA,EDUCACION MEDIA BASICA   ,Anual,0,29,2016,OPERARIO PRACTICO VESTIMENTA
ARTICULACIÓN EDUCACIÓN MEDIA BÁSICA,2010,PROGRAMA RUMBO                     ,ARTICULACIÓN EDUCACIÓN MEDIA BÁSICA - PROGRAMA RUMBO,EDUCACION MEDIA BASICA   ,Anual,0,0,590,OPERADOR BÁSICO EN INFORMÁTICA — RUMBO
ARTICULACIÓN EDUCACIÓN MEDIA BÁSICA,2022,REDESCUBRIR - F.P.B. M1-M2         ,,EDUCACION MEDIA BASICA   ,Anual,0,0,0,
C.T.T. ESPECIALIZACIÓN             ,2022,SEGURIDAD VIAL                     ,,EDUC. SUPERIOR TERCIARIA ,Anual,0,0,0,
CAPACITACIÓN PROFESIONAL INICIAL   ,1997,CULTIVOS PROTEGIDOS                ,CAPACITACIÓN PROFESIONAL INICIAL - CULTIVOS PROTEGIDOS,CAPACITACIONES           ,Anual,0,0,0,
CAPACITACIÓN PROFESIONAL INICIAL   ,1998,INSEMINACION ARTIFICIAL DE BOVINOS ,CAPACITACIÓN PROFESIONAL INICIAL - INSEMINACIÓN ARTIFICIAL DE BOVINOS,CAPACITACIONES           ,Anual,0,0,0,
CAPACITACIÓN PROFESIONAL INICIAL   ,1998,INSEMINACION ARTIFICIAL DE OVINOS  , CAPACITACIÓN PROFESIONAL INICIAL -  INSEMINACIÓN ARTIFICIAL DE OVINOS,CAPACITACIONES           ,Anual,0,0,0,
CAPACITACIÓN PROFESIONAL INICIAL   ,1998,OPERADOR  INFORMATICO              ,,CAPACITACIONES           ,Anual,0,0,0,C. P. I. OPERADOR INFORMATICO
CAPACITACIÓN PROFESIONAL INICIAL   ,2000,ALAMBRADOR                         ,CAPACITACIÓN PROFESIONAL INICIAL - ALAMBRADOR,CAPACITACIONES           ,Anual,0,0,0,
CAPACITACIÓN PROFESIONAL INICIAL   ,2003,MANT.Y OPERACION TRACTORES         ,CAPACITACIÓN PROFESIONAL INICIAL - MANTENIMIENTO Y OPERACION TRACTORES,CAPACITACIONES           ,Anual,0,0,0,
CAPACITACIÓN PROFESIONAL INICIAL   ,2007,ATENCION AL PUBLICO Y/O CLIENTE    , CAPACITACIÓN PROFESIONAL INICIAL - ATENCIÓN AL PÚBLICO Y/O CLIENTE,CAPACITACIONES           ,Anual,0,0,100,
CAPACITACIÓN PROFESIONAL INICIAL   ,2007,PASTELERIA                         ,CAPACITACIÓN PROFESIONAL INICIAL - PASTELERÍA,CAPACITACIONES           ,Anual,0,0,320,
CAPACITACIÓN PROFESIONAL INICIAL   ,2007,BIOCONSTRUCCION                    ,CAPACITACIÓN PROFESIONAL INICIAL - BIOCONSTRUCCIÓN,CAPACITACIONES           ,Anual,0,20,180,
CAPACITACIÓN PROFESIONAL INICIAL   ,2007,CARPINTERIA INICIAL                , CAPACITACIÓN PROFESIONAL INICIAL - CARPINTERÍA INICIAL,CAPACITACIONES           ,Anual,0,0,240,
CAPACITACIÓN PROFESIONAL INICIAL   ,2007,COCINA BASICA                      ,,CAPACITACIONES           ,Indefinido,0,0,0,
CAPACITACIÓN PROFESIONAL INICIAL   ,2007,INTRODUCCION DECORACION TORTAS     ,,CAPACITACIONES           ,Indefinido,0,0,0,
CAPACITACIÓN PROFESIONAL INICIAL   ,2007,COCINA MACROBIOTICA                ,CAPACITACIÓN PROFESIONAL INICIAL -  COCINA MACROBIÓTICA,CAPACITACIONES           ,Anual,0,0,60,
CAPACITACIÓN PROFESIONAL INICIAL   ,2007,CONST. BASICA CON FIBRA DE VIDRIO  ,CAPACITACIÓN PROFESIONAL INICIAL - CONSTRUCCIÓN BASICA CON FIBRA DE VIDRIO,CAPACITACIONES           ,Anual,0,0,320,
CAPACITACIÓN PROFESIONAL INICIAL   ,2007,BRUSHING                           ,CAPACITACIÓN PROFESIONAL INICIAL - BRUSHING,CAPACITACIONES           ,Anual,0,0,220,
CAPACITACIÓN PROFESIONAL INICIAL   ,2007,MICROFUSIÓN Y MOLDEADO EN CERA     , CAPACITACIÓN PROFESIONAL INICIAL - MICROFUSIÓN Y MOLDEADO EN CERA,CAPACITACIONES           ,Anual,0,0,360,
CAPACITACIÓN PROFESIONAL INICIAL   ,2007,INTRO. A LA FOTOGRAFIA DIGITAL     , CAPACITACIÓN PROFESIONAL INICIAL - INTRODUCCIÓN A LA FOTOGRAFÍA DIGITAL,CAPACITACIONES           ,Anual,0,6,76,
CAPACITACIÓN PROFESIONAL INICIAL   ,2007,EMPRENDER Y GESTIONAR UNA EMPRESA  ,,CAPACITACIONES           ,Indefinido,0,0,0,
CAPACITACIÓN PROFESIONAL INICIAL   ,2007,FOGUISTA                           ,CAPACITACIÓN PROFESIONAL INICIAL - FOGUÍSTA,CAPACITACIONES           ,Anual,0,0,160,
CAPACITACIÓN PROFESIONAL INICIAL   ,2007,MAQUILLAJE SOCIAL                  ,CAPACITACIÓN PROFESIONAL INICIAL - MAQUILLAJE SOCIAL,CAPACITACIONES           ,Anual,0,0,320,CAPACITACION PROFESIONAL INICIAL MAQUILLADOR/A SOCIAL
CAPACITACIÓN PROFESIONAL INICIAL   ,2007,OPERADOR INFORMATICO BASICO        ,CAPACITACIÓN PROFESIONAL INICIAL - OPERADOR INFORMÁTICO BÁSICO,CAPACITACIONES           ,Anual,0,0,120,CAPACITACION PROFESIONAL BASICA OPERADOR BASICO INFORMATICA
CAPACITACIÓN PROFESIONAL INICIAL   ,2007,PANADERIA                          ,CAPACITACIÓN PROFESIONAL INICIAL -  PANADERÍA,CAPACITACIONES           ,Anual,0,0,320,
CAPACITACIÓN PROFESIONAL INICIAL   ,2007,OBRA SECA EN YESO                  ,CAPACITACIÓN PROFESIONAL INICIAL - OBRA SECA EN YESO,CAPACITACIONES           ,Anual,0,10,160,
CAPACITACIÓN PROFESIONAL INICIAL   ,2007,PARRILLA GOURMET                   ,CAPACITACIÓN PROFESIONAL INICIAL - PARRILLA GOURMET,CAPACITACIONES           ,Anual,0,0,72,
CAPACITACIÓN PROFESIONAL INICIAL   ,2007,OBJETOS ART. DE PEQ. FORM. EN CUERO,CAPACITACIÓN PROFESIONAL INICIAL - OBJETOS ARTESANALES PEQUEÑO FORMATO EN CUERO,CAPACITACIONES           ,Anual,0,0,128,
CAPACITACIÓN PROFESIONAL INICIAL   ,2007,PROCESOS BASICOS SOLDADURA Y FORJA ,CAPACITACIÓN PROFESIONAL INICIAL - PROCESOS BÁSICOS SOLDADURA Y FORJA,CAPACITACIONES           ,Anual,0,0,192,
CAPACITACIÓN PROFESIONAL INICIAL   ,2007,MANICURIA                          ,CAPACITACIÓN PROFESIONAL INICIAL - MANICURÍA,CAPACITACIONES           ,Anual,0,0,360,
CAPACITACIÓN PROFESIONAL INICIAL   ,2007,TELAR BAJO LIZO                    ,CAPACITACIÓN PROFESIONAL INICIAL - TELAR BAJO LIZO,CAPACITACIONES           ,Anual,0,0,352,
CAPACITACIÓN PROFESIONAL INICIAL   ,2007,TAQUIGRAFIA SISTEMA CARISSIMI      ,CAPACITACIÓN PROFESIONAL INICIAL -TAQUIGRAFÍA SISTEMA CARISSIMI,CAPACITACIONES           ,Anual,0,0,120,
CAPACITACIÓN PROFESIONAL INICIAL   ,2007,TELAR ALTO; LIZO Y TAPIZ            ,CAPACITACIÓN PROFESIONAL INICIAL - TELAR ALTO; LIZO Y TAPIZ,CAPACITACIONES           ,Anual,0,0,352,
CAPACITACIÓN PROFESIONAL INICIAL   ,2007,INDUMENTARIA - PRENDAS SPORT       ,,CAPACITACIONES           ,Indefinido,0,0,0,
CAPACITACIÓN PROFESIONAL INICIAL   ,2007,ENCUADERNACION DORADA-BASICO       ,CAPACITACIÓN PROFESIONAL INICIAL - ENCUADERNACIÓN DORADA - BÁSICO,CAPACITACIONES           ,Anual,0,0,288,
CAP. PROF. PROFESIONAL             ,2001,INFORMATICA CAD                    ,CAPACITACIÓN PROFUNDIZACIÓN PROFESIONAL -  INFORMÁTICA CAD ,CAPACITACIONES           ,Anual,0,0,0,
CAP. PROF. PROFESIONAL             ,2007,DISEÑO DE SISTEMAS SOLAR TERMICO   ,CAPACITACIÓN PROFUNDIZACIÓN PROFESIONAL - DISEÑO DE SISTEMAS SOLAR TÉRMICO,CAPACITACIONES           ,Anual,0,0,63,"CAPACITACIÓN TÉCNICA EN DISEÑO DE SISTEMAS SOLAR TÉRMICO, CAPACITACIÓN TÉCNICA EN DISEÑO DE SISTEMAS SOLAR TÉRMICO"
CAP. PROF. PROFESIONAL             ,2007,MURALISMO                          ,CAPACITACIÓN PROFUDIZACIÓN PROFESIONAL - MURALISMO,CAPACITACIONES           ,Anual,0,0,364,CAPACITACIÓN PROFESIONAL BÁSICA EN MURALISMO
CAP. PROF. PROFESIONAL             ,2007,HISTORIETA E ILUSTRACION           ,CAPACITACIÓN PROFUDIZACIÓN PROFESIONAL -  HISTORIETA E ILUSTRACIÓN,CAPACITACIONES           ,Anual,0,21,357,
INGENIERO TECNOLÓGICO              ,2015,PREVENCIONISTA  SEMIPRESENCIAL     ,INGENIERO TECNOLÓGICO - PREVENCIONISTA SEMIPRESENCIAL,EDUC. SUPERIOR TERCIARIA ,Anual,0,0,0,"TECNÓLOGO PREVENCIONISTA, INGENIERO TECNOLÓGICO PREVENCIONISTA"
INGENIERO TECNOLÓGICO              ,2015,PREVENCIONISTA                     , INGENIERO TECNOLÓGICO - PREVENCIONISTA,EDUC. SUPERIOR TERCIARIA ,Anual,0,0,0,"TECNÓLOGO PREVENCIONISTA, INGENIERO TECNOLÓGICO PREVENCIONISTA"
INGENIERO TECNOLÓGICO              ,2016,AERONAUTICA                        ,INGENIERO TECNOLÓGICO - AERONÁUTICA,EDUC. SUPERIOR TERCIARIA ,Anual,0,0,3585,"TÉCNICO EN MANTENIMIENTO AERONÁUTICO, INGENIERO TECNOLÓGICO AERONÁUTICO"
INGENIERO TECNOLÓGICO              ,2020,ELECTRONICA                        ,,EDUC. SUPERIOR TERCIARIA ,Anual,0,0,0,
INGENIERO TECNOLÓGICO              ,2020,ELECTROTECNIA                      ,INGENIERO TECNOLÓGICO - ELECTROTECNIA,EDUC. SUPERIOR TERCIARIA ,Anual,0,21,3568,"TÉCNICO EN INSTALACIONES ELÉCTRICAS INDUSTRIALES, INGENIERO TECNOLÓGICO EN ELECTROTECNIA"
INGENIERO TECNOLÓGICO              ,2020,ELECTRONICA                        ,,EDUC. SUPERIOR TERCIARIA ,Indefinido,0,0,0,
INGENIERO TECNOLÓGICO              ,2020,ELECTRONICA - OP. INDUSTRIAL       ,,EDUC. SUPERIOR TERCIARIA ,Indefinido,0,0,0,
INGENIERO TECNOLÓGICO              ,2020,ELECTRONICA - OP. TELECOMUNICACION ,,EDUC. SUPERIOR TERCIARIA ,Indefinido,0,0,0,
HORAS  POR ESCALAFÓN               ,2001,ASISTENTES AGRARIOS                ,,FIGURAS EDUCATIVAS N/C   ,Indefinido,0,0,0,
HORAS  POR ESCALAFÓN               ,2001,ASISTENTES DE LABORATORIO P.I.     ,,FIGURAS EDUCATIVAS N/C   ,Indefinido,0,0,0,
HORAS  POR ESCALAFÓN               ,2001,ASISTENTES PRODUCCION I.GRAFICAS   ,,FIGURAS EDUCATIVAS N/C   ,Indefinido,0,0,0,
HORAS  POR ESCALAFÓN               ,2001,ASISTENTE LABORATORIO INFORMATICA  ,,FIGURAS EDUCATIVAS N/C   ,Indefinido,0,0,0,
HORAS  POR ESCALAFÓN               ,2001,ASISTENTES PRODUCCION C MECANICAS  ,,FIGURAS EDUCATIVAS N/C   ,Indefinido,0,0,0,
HORAS  POR ESCALAFÓN               ,2001,ASISTENTES PRODUCCION C. DE OBRA   ,,FIGURAS EDUCATIVAS N/C   ,Indefinido,0,0,0,
HORAS  POR ESCALAFÓN               ,2001,ASISTENTES PRODUCCION MARITIMA     ,,FIGURAS EDUCATIVAS N/C   ,Indefinido,0,0,0,
HORAS  POR ESCALAFÓN               ,2007,UAL - PLAN DE INTEGRACION          ,,FIGURAS EDUCATIVAS N/C   ,Indefinido,0,0,0,
HORAS  POR ESCALAFÓN               ,2007,EDUCADORES                         ,,FIGURAS EDUCATIVAS N/C   ,Indefinido,0,0,0,
HORAS  POR ESCALAFÓN               ,2012,ASISTENTES REFERENTES COORDINADORES,,FIGURAS EDUCATIVAS N/C   ,Indefinido,0,0,0,
HORAS  POR ESCALAFÓN               ,2014,ASISTENTES COMUNICACION SOCIAL     ,,FIGURAS EDUCATIVAS N/C   ,Indefinido,0,0,0,
HORAS  POR ESCALAFÓN               ,2015,ASISTENTES DE LABORATORIO P.I.     ,,FIGURAS EDUCATIVAS N/C   ,Indefinido,0,0,0,
HORAS  POR ESCALAFÓN               ,2016,MAESTROS                           ,,FIGURAS EDUCATIVAS N/C   ,Indefinido,0,0,0,
HORAS  POR ESCALAFÓN               ,2017,ASISTENTE LABORATORIO INFORMATICA  ,,FIGURAS EDUCATIVAS N/C   ,Indefinido,0,0,0,
FUNCIONES ESP. DESIG. DIRECTA      ,2021,EXTENSION CENTRO MARIA ESPINOLA    ,,APOYO A LA GESTION       ,Indefinido,0,0,0,
PROYECTOS                          ,2007,PROYECTOS E INVESTIGACION          ,PROYECTOS - PROYECTOS E INVESTIGACION,CAPACITACIONES           ,Anual,0,0,0,
PROYECTOS                          ,2011,PROYECTOS  PEDAGOGICOS             ,,CAPACITACIONES           ,Indefinido,0,0,0,
ASCENSOS M. MERCANTE               ,2010,ELECTRONICA DE CONTROL             ,ASCENSOS MARINO MERCANTE -  ELECTRÓNICA DE CONTROL,FORMACIÓN PROFESIONAL    ,Anual,0,0,0,
ASCENSOS M. MERCANTE               ,2010,MAQ.ELECTRICAS APLIC. AL BUQUE     ,ASCENSOS MARINO MERCANTE - MAQUINAS ELECTRICAS APLICADAS AL BUQUE,FORMACIÓN PROFESIONAL    ,Anual,0,0,0,
ASCENSOS M. MERCANTE               ,2010,ESTRUCTURA NAVAL Y SEGURIDAD       ,ASCENSOS MARINO MERCANTE - ESTRUCTURA NAVAL Y SEGURIDAD,FORMACIÓN PROFESIONAL    ,Anual,0,0,0,
ASCENSOS M. MERCANTE               ,2010,MAQUINAS NAVALES Y REPARACIONES    ,ASCENSOS MARINO MERCANTE - MÁQUINAS NAVALES Y REPARACIONES,FORMACIÓN PROFESIONAL    ,Anual,0,0,0,
ASCENSOS M. MERCANTE               ,2010,INGLES TECNICO MARITIMO            ,ASCENSOS MARINO MERCANTE -  INGLÉS TÉCNICO MARÍTIMO,FORMACIÓN PROFESIONAL    ,Anual,0,0,0,
ASCENSOS M. MERCANTE               ,2010,GESTION NAVIERA                    ,ASCENSOS MARINO MERCANTE - GESTIÓN NAVIERA,FORMACIÓN PROFESIONAL    ,Anual,0,0,0,
ASCENSOS M. MERCANTE               ,2010,EXAMEN ASCENSO 1ER OFICIAL         ,,FORMACIÓN PROFESIONAL    ,Indefinido,0,0,0,
ASCENSOS M. MERCANTE               ,2010,EXAMEN ASC. PATRON TRAFICO PRIMERA ,,FORMACIÓN PROFESIONAL    ,Indefinido,0,0,0,
ASCENSOS M. MERCANTE               ,2010,EXAMEN ASC. PATRON TRAFICO SEGUNDA ,,FORMACIÓN PROFESIONAL    ,Indefinido,0,0,0,
ASCENSOS M. MERCANTE               ,2010,EXAMEN ASC. PATRON TRAFICO ESPECIAL,,FORMACIÓN PROFESIONAL    ,Indefinido,0,0,0,
ASCENSOS M. MERCANTE               ,2010,EXAMEN ASC. PATRON PESCA MEDIA ALT.,,FORMACIÓN PROFESIONAL    ,Indefinido,0,0,0,
ASCENSOS M. MERCANTE               ,2010,EXAMEN ASC. PATRON PESCA DE ALTURA ,,FORMACIÓN PROFESIONAL    ,Indefinido,0,0,0,
ASCENSOS M. MERCANTE               ,2010,EXAMEN ASCENSO JEFE DE MAQUINAS    ,,FORMACIÓN PROFESIONAL    ,Indefinido,0,0,0,
EDUCACIÓN MEDIA TECNOLÓGICA FINEST ,2014,DESARROLLO DE APLICACIONES WEB     ,,EDUCACION MEDIA SUPERIOR ,Indefinido,0,0,0,
EDUCACIÓN MEDIA TECNOLÓGICA FINEST ,2014,IT Y REDES                         ,EDUCACIÓN MEDIA TECNOLÓGICA FINEST -  IT Y REDES,EDUCACION MEDIA SUPERIOR ,Anual,0,33,1188,BACHILLER TECNOLÓGICO Y AUXILIAR TÉCNICO EN IT Y REDES
EDUCACIÓN MEDIA TECNOLÓGICA FINEST ,2014,INDUMENTARIA TEXTIL                ,,EDUCACION MEDIA SUPERIOR ,Indefinido,0,0,0,
CAPACITACIÓN POR COMPETENCIAS      ,2007,GASTRONOMIA - PANADERIA            ,,CAPACITACIONES           ,Indefinido,0,0,0,
EDUCACION BASICA INTEGRADA         ,2022,EDUCACION BASICA INTEGRADA         ,,EDUCACION MEDIA BASICA   ,Anual,0,0,0,
EDUCACION BASICA INTEGRADA         ,2022,E.B.I. ALTERNANCIA                 ,,EDUCACION MEDIA BASICA   ,Anual,0,0,0,
EDUCACION BASICA INTEGRADA         ,2022,E.B.I. RURAL EXTENDIDO             ,,EDUCACION MEDIA BASICA   ,Anual,0,0,0,
BACHILLERATO TECNICO PROFESIONAL   ,2022,SISTEMAS DE IMPRESION              ,,EDUCACION MEDIA SUPERIOR ,Anual,0,34,0,
BACHILLERATO TECNICO PROFESIONAL   ,2022,ESTETICA DE SALON                  ,,EDUCACION MEDIA SUPERIOR ,Anual,0,36,0,
BACHILLERATO TECNICO PROFESIONAL   ,2022,ESTILISMO ARTISTICO                ,,EDUCACION MEDIA SUPERIOR ,Anual,0,36,0,
BACHILLERATO TECNICO PROFESIONAL   ,2022,ESTETICA PERSONAL                  ,,EDUCACION MEDIA SUPERIOR ,Anual,0,34,0,
BACHILLERATO TECNICO PROFESIONAL   ,2022,CARPINTERIA                        ,,EDUCACION MEDIA SUPERIOR ,Anual,0,34,0,
BACHILLERATO TECNICO PROFESIONAL   ,2022,EDIFICACIONES - OBRA CIVIL         ,,EDUCACION MEDIA SUPERIOR ,Anual,0,36,0,
BACHILLERATO TECNICO PROFESIONAL   ,2022,INSTALACIONES SANITARIAS           ,,EDUCACION MEDIA SUPERIOR ,Anual,0,36,0,
BACHILLERATO TECNICO PROFESIONAL   ,2022,CONSTRUCCION                       ,,EDUCACION MEDIA SUPERIOR ,Anual,0,34,0,
BACHILLERATO TECNICO PROFESIONAL   ,2022,CONSERV ESPACIOS NAT Y AREAS VERDES,,EDUCACION MEDIA SUPERIOR ,Anual,0,34,0,
BACHILLERATO TECNICO PROFESIONAL   ,2022,INSTALACIONES ELECTRICAS           ,,EDUCACION MEDIA SUPERIOR ,Anual,0,34,0,
BACHILLERATO TECNICO PROFESIONAL   ,2022,COCINA                             ,,EDUCACION MEDIA SUPERIOR ,Anual,0,36,0,
BACHILLERATO TECNICO PROFESIONAL   ,2022,SERVICIOS GASTRONOMICOS            ,,EDUCACION MEDIA SUPERIOR ,Anual,0,34,0,
BACHILLERATO TECNICO PROFESIONAL   ,2022,GASTRONOMIA                        ,,EDUCACION MEDIA SUPERIOR ,Anual,0,34,0,
BACHILLERATO TECNICO PROFESIONAL   ,2022,SISTEMAS DE PRODUCCION AGRARIOS    ,,EDUCACION MEDIA SUPERIOR ,Anual,0,44,0,
BACHILLERATO TECNICO PROFESIONAL   ,2022,COMERCIO Y LOGISTICA               ,,EDUCACION MEDIA SUPERIOR ,Anual,0,34,0,
BACHILLERATO TECNICO PROFESIONAL   ,2022,BIENESTAR Y SALUD                  ,,EDUCACION MEDIA SUPERIOR ,Anual,0,34,0,
BACHILLERATO TECNICO PROFESIONAL   ,2022,PEDICURIA                          ,,EDUCACION MEDIA SUPERIOR ,Anual,0,36,0,
BACHILLERATO TECNICO PROFESIONAL   ,2022,REHABILITACION FISICA Y MASOTERAPIA,,EDUCACION MEDIA SUPERIOR ,Anual,0,36,0,
BACHILLERATO TECNICO PROFESIONAL   ,2022,MASAJES                            ,,EDUCACION MEDIA SUPERIOR ,Anual,0,36,0,
BACHILLERATO TECNICO PROFESIONAL   ,2022,MAQUINARIA PESADA                  ,,EDUCACION MEDIA SUPERIOR ,Anual,0,34,0,
BACHILLERATO TECNICO PROFESIONAL   ,2022,AUTOMOTORES                        ,,EDUCACION MEDIA SUPERIOR ,Anual,0,34,0,
BACHILLERATO TECNICO PROFESIONAL   ,2022,CARROCERIA Y ESTETICA DEL AUTOMOVIL,,EDUCACION MEDIA SUPERIOR ,Anual,0,36,0,
BACHILLERATO TECNICO PROFESIONAL   ,2022,Reparación de Vehículos y Mantenimiento de Motores Híbridos,,EDUCACION MEDIA SUPERIOR ,Anual,0,0,0,
BACHILLERATO TECNICO PROFESIONAL   ,2022,Reparación de Vehículos Eléctricos y Mantenimiento de Sistemas Híbridos ,,EDUCACION MEDIA SUPERIOR ,Anual,0,36,0,
BACHILLERATO TECNICO PROFESIONAL   ,2022,MECANICA INDUSTRIAL                ,,EDUCACION MEDIA SUPERIOR ,Anual,0,34,0,
BACHILLERATO TECNICO PROFESIONAL   ,2022,OPERADOR DE PROCESOS INDUSTRIALES  ,,EDUCACION MEDIA SUPERIOR ,Anual,0,34,0,
BACHILLERATO TECNICO PROFESIONAL   ,2022,SOPORTE TECNICO INFORMATICO        ,,EDUCACION MEDIA SUPERIOR ,Anual,0,34,0,
BACHILLERATO TECNICO PROFESIONAL   ,2022,NAUTICA Y PESCA                    ,,EDUCACION MEDIA SUPERIOR ,Anual,0,34,0,
BACHILLERATO TECNICO PROFESIONAL   ,2022,ALOJAMIENTO Y SERV. TURISITICOS    ,,EDUCACION MEDIA SUPERIOR ,Anual,0,34,0,
BACHILLERATO TECNICO PROFESIONAL   ,2022,SISTEMAS DE CLIMATIZACION          ,,EDUCACION MEDIA SUPERIOR ,Anual,0,34,0,
BACHILLERATO TECNICO PROFESIONAL   ,2022,ALOJAMIENTO Y SERV. TUR. BINACIONAL,,EDUCACION MEDIA SUPERIOR ,Anual,0,0,0,
BACHILLERATO TECNICO PROFESIONAL   ,2022,INDUMENTARIA                       ,,EDUCACION MEDIA SUPERIOR ,Anual,0,34,0,
BACHILLERATO TECNOLOGICO           ,2023,GESTION Y ADMINISTRACION           ,,EDUCACION MEDIA SUPERIOR ,Anual,0,38,0,
BACHILLERATO TECNOLOGICO           ,2023,AGRARIO - RURAL                    ,,EDUCACION MEDIA SUPERIOR ,Indefinido,0,0,0,
BACHILLERATO TECNOLOGICO           ,2023,Deporte; Educación Física y Recreación  ,,EDUCACION MEDIA SUPERIOR ,Anual,0,38,0,
BACHILLERATO TECNOLOGICO           ,2023,MEDIOS AUDIOVISUALES Y COMUNICACION,,EDUCACION MEDIA SUPERIOR ,Anual,0,38,0,
BACHILLERATO TECNOLOGICO           ,2023,DISEÑO Y ESPACIOS SUSTENTABLES     ,,EDUCACION MEDIA SUPERIOR ,Anual,0,38,0,
BACHILLERATO TECNOLOGICO           ,2023,SISTEMAS MECANICOS AUTOMATIZADOS   ,,EDUCACION MEDIA SUPERIOR ,Anual,0,38,0,
BACHILLERATO TECNOLOGICO           ,2023,COMPOSICION Y PRODUCCION MUSICAL   ,,EDUCACION MEDIA SUPERIOR ,Anual,0,38,0,
BACHILLERATO TECNOLOGICO           ,2023,TECNOLOGIAS DE LA INFORMACION      ,,EDUCACION MEDIA SUPERIOR ,Anual,0,38,0,
BACHILLERATO TECNOLOGICO           ,2023,TECNOLOGIAS DE LA INFORMACION - BIL,,EDUCACION MEDIA SUPERIOR ,Anual,0,48,0,
BACHILLERATO TECNOLOGICO           ,2023,ASIST. COMUNITARIA Y PROMO. SALUD  ,,EDUCACION MEDIA SUPERIOR ,Anual,0,38,0,
BACHILLERATO TECNOLOGICO           ,2023,CIENCIAS Y TECNOLOGIA DE LABORAT.  ,,EDUCACION MEDIA SUPERIOR ,Anual,0,38,0,
BACHILLERATO TECNOLOGICO           ,2023,ROBOTICA Y AUTOMATISMOS            ,,EDUCACION MEDIA SUPERIOR ,Anual,0,38,0,
BACHILLERATO TECNOLOGICO           ,2023,TURISMO - HOSPITALIDAD Y OCIO       ,,EDUCACION MEDIA SUPERIOR ,Anual,0,38,0,